chr16:91191337-91193823;ASCL1_MA1100.1.pmf;63;+;9.41090516601;GTGGCAGCTGCTT;
chr16:91191337-91193823;ASCL1_MA1100.1.pmf;64;-;11.4471063798;TGGCAGCTGCTTC;
chr16:91191337-91193823;ASCL1_MA1100.1.pmf;175;-;10.5676535193;CACCAGCTGCCAG;
chr16:91191337-91193823;ASCL1_MA1100.1.pmf;490;-;9.78382526434;CTGCAGCTGCATC;
chr16:91191337-91193823;ASCL1_MA1100.1.pmf;740;+;11.6950590125;CCAGCAGCTGTGG;
chr16:91191337-91193823;Arid3a_MA0151.1.pmf;2273;+;6.4682031397;ATTAAA;
chr16:91191337-91193823;Ascl2_MA0816.1.pmf;65;+;11.056785986;GGCAGCTGCT;
chr16:91191337-91193823;Ascl2_MA0816.1.pmf;65;-;11.6985250154;GGCAGCTGCT;
chr16:91191337-91193823;Ascl2_MA0816.1.pmf;176;+;10.2773217981;ACCAGCTGCC;
chr16:91191337-91193823;Ascl2_MA0816.1.pmf;742;+;9.27025139162;AGCAGCTGTG;
chr16:91191337-91193823;Ascl2_MA0816.1.pmf;742;-;9.82763146252;AGCAGCTGTG;
chr16:91191337-91193823;Ascl2_MA0816.1.pmf;1948;-;8.8424180152;AGCAGATGCT;
chr16:91191337-91193823;CEBPA_MA0102.3.pmf;1056;+;8.33019203491;ATTTCACCATA;
chr16:91191337-91193823;CTCF_MA0139.1.pmf;171;+;9.00367787167;TGGCCACCAGCTGCCAGTG;
chr16:91191337-91193823;E2F6_MA0471.1.pmf;356;-;11.1426695461;GCTTCCCTCCC;
chr16:91191337-91193823;E2F6_MA0471.1.pmf;2117;-;11.0755770402;GCCTCCCTCCC;
chr16:91191337-91193823;E2F7_MA0758.1.pmf;709;+;6.53189113756;GTTTCCCACCAACA;
chr16:91191337-91193823;E2F7_MA0758.1.pmf;1434;-;4.83908222334;TTTTGACTGGAAAC;
chr16:91191337-91193823;E2F8_MA0865.1.pmf;710;+;9.39205870117;TTTCCCACCAAC;
chr16:91191337-91193823;E2F8_MA0865.1.pmf;1435;-;5.39684935214;TTTGACTGGAAA;
chr16:91191337-91193823;EGR3_MA0732.1.pmf;1654;-;8.33505651524;AGAGCATGGGCGGGG;
chr16:91191337-91193823;EGR4_MA0733.1.pmf;1653;-;10.424136211;AAGAGCATGGGCGGGG;
chr16:91191337-91193823;EWSR1-FLI1_MA0149.1.pmf;348;-;-0.192104680023;CCTCCCCAGCTTCCCTCC;
chr16:91191337-91193823;EWSR1-FLI1_MA0149.1.pmf;834;-;2.22051862342;CCTTCCTTTACTCTCTCC;
chr16:91191337-91193823;EWSR1-FLI1_MA0149.1.pmf;868;-;2.99000326371;CCTTCCTTCTTCTCTCTC;
chr16:91191337-91193823;EWSR1-FLI1_MA0149.1.pmf;1213;-;1.38867761133;TCTTCCTTTCTCCCTCCT;
chr16:91191337-91193823;EWSR1-FLI1_MA0149.1.pmf;1217;-;1.06322817268;CCTTTCTCCCTCCTTTGC;
chr16:91191337-91193823;FOXC1_MA0032.2.pmf;2211;-;7.42699790378;GTGTTTACCTA;
chr16:91191337-91193823;FOXC2_MA0846.1.pmf;2210;-;8.15550357383;TGTGTTTACCTA;
chr16:91191337-91193823;FOXD1_MA0031.1.pmf;2211;-;8.08563401997;GTGTTTAC;
chr16:91191337-91193823;FOXD2_MA0847.1.pmf;2212;-;7.6804553202;TGTTTAC;
chr16:91191337-91193823;FOXF2_MA0030.1.pmf;1059;+;7.3022544113;TCACCATAAATAAT;
chr16:91191337-91193823;FOXG1_MA0613.1.pmf;2211;-;8.52497109016;GTGTTTAC;
chr16:91191337-91193823;FOXI1_MA0042.2.pmf;2212;-;8.73422422315;TGTTTAC;
chr16:91191337-91193823;FOXK1_MA0852.2.pmf;548;+;7.70458301399;TGGGGAAACAGGGA;
chr16:91191337-91193823;FOXK2_MA1103.1.pmf;2210;-;8.7915469397;TGTGTTTACCT;
chr16:91191337-91193823;FOXL1_MA0033.2.pmf;2212;-;8.07363010569;TGTTTAC;
chr16:91191337-91193823;FOXO4_MA0848.1.pmf;2212;-;8.37885927981;TGTTTAC;
chr16:91191337-91193823;FOXO6_MA0849.1.pmf;2212;-;8.74916992659;TGTTTAC;
chr16:91191337-91193823;FOXP1_MA0481.2.pmf;2209;-;9.00663270355;TTGTGTTTACCT;
chr16:91191337-91193823;FOXP2_MA0593.1.pmf;1672;+;7.17934466179;GGGAAAACAAA;
chr16:91191337-91193823;FOXP2_MA0593.1.pmf;2210;-;9.52455619969;TGTGTTTACCT;
chr16:91191337-91193823;FOXP3_MA0850.1.pmf;2212;-;7.63135474623;TGTTTAC;
chr16:91191337-91193823;Foxd3_MA0041.1.pmf;1696;-;6.67570754065;AAAAAAAAAATC;
chr16:91191337-91193823;Foxj3_MA0851.1.pmf;2207;-;8.05966747414;CATTGTGTTTACCTACT;
chr16:91191337-91193823;Foxo1_MA0480.1.pmf;550;-;8.00110252505;GGGAAACAGGG;
chr16:91191337-91193823;GATA2_MA0036.3.pmf;279;+;8.83666924353;AGCTTATCTCC;
chr16:91191337-91193823;GATA6_MA1104.1.pmf;278;-;8.27005567783;AAGCTTATCTCCC;
chr16:91191337-91193823;GLIS3_MA0737.1.pmf;76;-;7.43138152279;CATCCTGGGAGGTG;
chr16:91191337-91193823;Gata1_MA0035.3.pmf;279;+;8.4941202015;AGCTTATCTCC;
chr16:91191337-91193823;Gata4_MA0482.1.pmf;280;+;10.2021888068;GCTTATCTCCC;
chr16:91191337-91193823;HNF4G_MA0484.1.pmf;1192;-;9.95007990357;GGACCTCTGACCTCT;
chr16:91191337-91193823;HOXA13_MA0650.1.pmf;2318;+;7.21949389291;CCAATAAATT;
chr16:91191337-91193823;HOXB13_MA0901.1.pmf;2318;+;7.68347214386;CCAATAAATT;
chr16:91191337-91193823;HOXD11_MA0908.1.pmf;1533;-;7.62076936748;GTTTTACAAC;
chr16:91191337-91193823;HOXD13_MA0909.1.pmf;2318;+;6.9723773561;CCAATAAATT;
chr16:91191337-91193823;Hoxa9_MA0594.1.pmf;1061;+;7.44928342158;ACCATAAATAA;
chr16:91191337-91193823;Hoxa9_MA0594.1.pmf;1357;+;10.0517841729;CCCATCAATCT;
chr16:91191337-91193823;Hoxa9_MA0594.1.pmf;1797;-;7.32325497015;TGATTTATTGA;
chr16:91191337-91193823;Hoxa9_MA0594.1.pmf;2318;+;7.19751158101;CCAATAAATTA;
chr16:91191337-91193823;Hoxb5_MA0904.1.pmf;1266;+;7.7347909959;GAGATAATTAACAAAA;
chr16:91191337-91193823;Hoxc9_MA0485.1.pmf;1356;+;7.6869570758;TCCCATCAATCTT;
chr16:91191337-91193823;Hoxc9_MA0485.1.pmf;1796;-;8.33274903425;CTGATTTATTGAT;
chr16:91191337-91193823;Hoxc9_MA0485.1.pmf;2317;+;7.54459583432;ACCAATAAATTAT;
chr16:91191337-91193823;Hoxd8_MA0910.1.pmf;1266;+;6.49983535516;GAGATAATTAACAAAAA;
chr16:91191337-91193823;Hoxd9_MA0913.1.pmf;2270;+;7.42700405607;ACAATTAAAA;
chr16:91191337-91193823;INSM1_MA0155.1.pmf;1834;+;10.9949604995;GGCCTGGGGGTG;
chr16:91191337-91193823;IRF1_MA0050.2.pmf;1253;-;5.3985379932;AAGGAGAGAGTGAGAGATAAT;
chr16:91191337-91193823;IRF1_MA0050.2.pmf;1438;-;6.50399046392;GACTGGAAACAAAAAGGGGGC;
chr16:91191337-91193823;IRF1_MA0050.2.pmf;2271;-;8.89678614069;CAATTAAAACAGAAACAGACA;
chr16:91191337-91193823;IRF1_MA0050.2.pmf;2277;-;5.45621637075;AAACAGAAACAGACAGTTCCT;
chr16:91191337-91193823;IRF3_MA1418.1.pmf;1666;+;5.07364064146;GGGAGAGGGAAAACAAAATGT;
chr16:91191337-91193823;IRF9_MA0653.1.pmf;2273;+;1.63564087018;ATTAAAACAGAAACA;
chr16:91191337-91193823;KLF13_MA0657.1.pmf;1448;-;8.1380639624;AAAAAGGGGGCCCGGCAA;
chr16:91191337-91193823;KLF16_MA0741.1.pmf;1543;-;10.1679905523;AGGGGAGGGGC;
chr16:91191337-91193823;KLF5_MA0599.1.pmf;324;+;11.102063506;CCCCCACCCC;
chr16:91191337-91193823;KLF5_MA0599.1.pmf;1409;+;10.7036960719;CCCCCTCCCC;
chr16:91191337-91193823;KLF5_MA0599.1.pmf;1544;-;12.0136814066;GGGGAGGGGC;
chr16:91191337-91193823;KLF5_MA0599.1.pmf;1660;-;10.6349090637;TGGGCGGGGA;
chr16:91191337-91193823;KLF9_MA1107.1.pmf;2457;+;9.58079799999;GACCACACACACA;
chr16:91191337-91193823;MEIS1_MA0498.2.pmf;2130;-;7.19010358452;CTGTCAG;
chr16:91191337-91193823;MNX1_MA0707.1.pmf;1268;+;6.82083947759;GATAATTAAC;
chr16:91191337-91193823;MYB_MA0100.3.pmf;1103;+;9.5097234176;GCCAACTGCC;
chr16:91191337-91193823;MZF1_MA0056.1.pmf;350;-;7.54528971537;TCCCCA;
chr16:91191337-91193823;MZF1_MA0056.1.pmf;548;+;7.54528971537;TGGGGA;
chr16:91191337-91193823;MZF1_MA0056.1.pmf;767;-;7.54528971537;TCCCCA;
chr16:91191337-91193823;MZF1_MA0056.1.pmf;1998;+;7.54528971537;TGGGGA;
chr16:91191337-91193823;MZF1_MA0056.1.pmf;2201;+;7.54528971537;TGGGGA;
chr16:91191337-91193823;MZF1_MA0056.1.pmf;2369;+;7.54528971537;TGGGGA;
chr16:91191337-91193823;Myod1_MA0499.1.pmf;62;-;11.6424260924;GGTGGCAGCTGCT;
chr16:91191337-91193823;Myod1_MA0499.1.pmf;65;+;10.1617461063;GGCAGCTGCTTCA;
chr16:91191337-91193823;Myod1_MA0499.1.pmf;176;+;9.83589897285;ACCAGCTGCCAGT;
chr16:91191337-91193823;Myog_MA0500.1.pmf;64;-;9.9293439981;TGGCAGCTGCT;
chr16:91191337-91193823;Myog_MA0500.1.pmf;65;+;10.0253577511;GGCAGCTGCTT;
chr16:91191337-91193823;Myog_MA0500.1.pmf;175;-;10.9482308562;CACCAGCTGCC;
chr16:91191337-91193823;Myog_MA0500.1.pmf;741;-;10.2767148433;CAGCAGCTGTG;
chr16:91191337-91193823;Myog_MA0500.1.pmf;742;+;9.47901624655;AGCAGCTGTGG;
chr16:91191337-91193823;NFAT5_MA0606.1.pmf;2046;-;7.25708621295;CAGGGAAAAT;
chr16:91191337-91193823;NFATC1_MA0624.1.pmf;463;-;7.11541778133;GGTGGAAAGA;
chr16:91191337-91193823;NFATC1_MA0624.1.pmf;1048;-;7.64331145535;GGCGGAAAAT;
chr16:91191337-91193823;NFATC3_MA0625.1.pmf;1048;-;7.93529073003;GGCGGAAAAT;
chr16:91191337-91193823;NFIC+TLX1_MA0119.1.pmf;680;-;7.3499987088;CTGGGGCGCTGCCA;
chr16:91191337-91193823;NFIC+TLX1_MA0119.1.pmf;1286;+;7.41744522199;TGGCCCCGGGACAA;
chr16:91191337-91193823;NHLH1_MA0048.2.pmf;65;+;9.86364355492;GGCAGCTGCT;
chr16:91191337-91193823;NHLH1_MA0048.2.pmf;65;-;10.6100451016;GGCAGCTGCT;
chr16:91191337-91193823;NHLH1_MA0048.2.pmf;742;+;9.49372703791;AGCAGCTGTG;
chr16:91191337-91193823;NHLH1_MA0048.2.pmf;742;-;10.3957071274;AGCAGCTGTG;
chr16:91191337-91193823;NKX2-3_MA0672.1.pmf;2012;+;9.70620418494;GCCACTTGAG;
chr16:91191337-91193823;NKX2-8_MA0673.1.pmf;2013;+;8.9476982895;CCACTTGAG;
chr16:91191337-91193823;NR1H2+RXRA_MA0115.1.pmf;1190;-;6.37873320536;GGGGACCTCTGACCTCT;
chr16:91191337-91193823;NR2C2_MA0504.1.pmf;1192;-;10.5319171412;GGACCTCTGACCTCT;
chr16:91191337-91193823;NR2C2_MA0504.1.pmf;1924;-;9.12363522946;TGCCCTCTCCTCCCT;
chr16:91191337-91193823;NR2F1_MA0017.2.pmf;1195;-;10.0953448221;CCTCTGACCTCTA;
chr16:91191337-91193823;NR3C2_MA0727.1.pmf;2202;-;6.61247504126;GGGGACATTGTGTTTAC;
chr16:91191337-91193823;NRF1_MA0506.1.pmf;1549;-;10.9869119882;GGGGCAGGCGC;
chr16:91191337-91193823;Nr1h3+Rxra_MA0494.1.pmf;107;-;9.23717913138;CAGGGGGTACCTGGGGCCC;
chr16:91191337-91193823;Nr1h3+Rxra_MA0494.1.pmf;1182;+;8.78933706505;TGGCCCACGGGGACCTCTG;
chr16:91191337-91193823;Nr2f6_MA0677.1.pmf;1192;-;11.2098170371;GGACCTCTGACCTC;
chr16:91191337-91193823;Nr5a2_MA0505.1.pmf;1307;-;10.4205542871;ACTGGCCTTGGCCGG;
chr16:91191337-91193823;PBX1_MA0070.1.pmf;1358;+;8.59925492595;CCATCAATCTTT;
chr16:91191337-91193823;PBX3_MA1114.1.pmf;1543;+;8.52209269384;AGGGGAGGGGCAGGCGC;
chr16:91191337-91193823;PLAG1_MA0163.1.pmf;1181;+;12.9661774405;GTGGCCCACGGGGA;
chr16:91191337-91193823;POU3F3_MA0788.1.pmf;1270;-;6.42707650219;TAATTAACAAAAA;
chr16:91191337-91193823;POU4F1_MA0790.1.pmf;1796;+;7.54904503609;CTGATTTATTGATG;
chr16:91191337-91193823;POU4F1_MA0790.1.pmf;2320;-;6.43188366915;AATAAATTATGGGT;
chr16:91191337-91193823;POU4F2_MA0683.1.pmf;1796;+;4.39695217379;CTGATTTATTGATGAA;
chr16:91191337-91193823;POU4F2_MA0683.1.pmf;2256;+;6.38918990903;CTGCATTGTAAATTAC;
chr16:91191337-91193823;POU4F3_MA0791.1.pmf;1796;+;7.782603229;CTGATTTATTGATGAA;
chr16:91191337-91193823;POU4F3_MA0791.1.pmf;2256;+;6.52878996384;CTGCATTGTAAATTAC;
chr16:91191337-91193823;POU4F3_MA0791.1.pmf;2318;-;6.52365027131;CCAATAAATTATGGGT;
chr16:91191337-91193823;PPARA+RXRA_MA1148.1.pmf;1191;-;11.1945656757;GGGACCTCTGACCTCTAT;
chr16:91191337-91193823;PRDM1_MA0508.2.pmf;2170;-;8.33542342329;GAGAAAGTAC;
chr16:91191337-91193823;Pou5f1+Sox2_MA0142.1.pmf;494;-;9.41456901746;AGCTGCATCTCAAAG;
chr16:91191337-91193823;Pou5f1+Sox2_MA0142.1.pmf;1847;+;6.86717045477;CTTTGTCTTGAAGAT;
chr16:91191337-91193823;Pparg+Rxra_MA0065.2.pmf;1924;-;8.98845691842;TGCCCTCTCCTCCCT;
chr16:91191337-91193823;RARA+RXRA_MA0159.1.pmf;2237;+;12.1384286165;AGGTGACCGTGAGGGCA;
chr16:91191337-91193823;RARA+RXRG_MA1149.1.pmf;2236;+;11.2136380593;AAGGTGACCGTGAGGGCA;
chr16:91191337-91193823;RARA_MA0730.1.pmf;2237;+;6.74910939411;AGGTGACCGTGAGGGCA;
chr16:91191337-91193823;RBPJ_MA1116.1.pmf;709;-;9.15697181084;GTTTCCCACC;
chr16:91191337-91193823;RBPJ_MA1116.1.pmf;979;+;9.25064213069;TCTGGGAAGG;
chr16:91191337-91193823;RORA_MA0071.1.pmf;1199;-;9.37780264789;TGACCTCTAT;
chr16:91191337-91193823;RORB_MA1150.1.pmf;1198;-;7.99145449609;CTGACCTCTAT;
chr16:91191337-91193823;RREB1_MA0073.1.pmf;922;-;6.17234978915;TCTGTGTGTGTGTGTGTGTG;
chr16:91191337-91193823;RREB1_MA0073.1.pmf;924;-;7.01543287838;TGTGTGTGTGTGTGTGTGTG;
chr16:91191337-91193823;RREB1_MA0073.1.pmf;926;-;7.01543287838;TGTGTGTGTGTGTGTGTGTG;
chr16:91191337-91193823;RREB1_MA0073.1.pmf;928;-;7.01543287838;TGTGTGTGTGTGTGTGTGTG;
chr16:91191337-91193823;RREB1_MA0073.1.pmf;930;-;7.01543287838;TGTGTGTGTGTGTGTGTGTG;
chr16:91191337-91193823;RREB1_MA0073.1.pmf;932;-;7.01543287838;TGTGTGTGTGTGTGTGTGTG;
chr16:91191337-91193823;RREB1_MA0073.1.pmf;934;-;7.01543287838;TGTGTGTGTGTGTGTGTGTG;
chr16:91191337-91193823;RREB1_MA0073.1.pmf;936;-;7.01543287838;TGTGTGTGTGTGTGTGTGTG;
chr16:91191337-91193823;RREB1_MA0073.1.pmf;1399;+;5.21901751789;AGAAACACCACCCCCTCCCC;
chr16:91191337-91193823;RUNX1_MA0002.2.pmf;957;-;8.47561756228;AGGCCACAAAC;
chr16:91191337-91193823;RXRB_MA0855.1.pmf;1192;-;8.99400326487;GGACCTCTGACCTC;
chr16:91191337-91193823;RXRG_MA0856.1.pmf;1192;-;9.11039186765;GGACCTCTGACCTC;
chr16:91191337-91193823;Rarb_MA0857.1.pmf;1862;+;2.23855762461;AAAGTACAATAGGCCA;
chr16:91191337-91193823;Rarb_MA0858.1.pmf;2237;+;7.84564066905;AGGTGACCGTGAGGGCA;
chr16:91191337-91193823;Rarg_MA0859.1.pmf;1863;+;3.21520791092;AAGTACAATAGGCCAC;
chr16:91191337-91193823;Rfx1_MA0509.1.pmf;779;+;9.28598099679;ATTCCCTTGACAAC;
chr16:91191337-91193823;Rxra_MA0512.2.pmf;1192;-;9.40712931787;GGACCTCTGACCTC;
chr16:91191337-91193823;SOX13_MA1120.1.pmf;1499;+;9.61398827567;GCACAATGGCC;
chr16:91191337-91193823;SOX15_MA1152.1.pmf;1864;-;7.33711047326;AGTACAATAG;
chr16:91191337-91193823;SOX21_MA0866.1.pmf;582;-;3.47293107437;CACGCTGAAATTGAT;
chr16:91191337-91193823;SOX4_MA0867.1.pmf;582;-;0.799653129511;CACGCTGAAATTGATG;
chr16:91191337-91193823;SOX9_MA0077.1.pmf;1499;-;7.74802979249;GCACAATGG;
chr16:91191337-91193823;SP1_MA0079.3.pmf;324;+;10.807071254;CCCCCACCCCT;
chr16:91191337-91193823;SP1_MA0079.3.pmf;358;+;10.6824491692;TTCCCTCCCCC;
chr16:91191337-91193823;SP1_MA0079.3.pmf;1409;+;11.5027408535;CCCCCTCCCCT;
chr16:91191337-91193823;SP1_MA0079.3.pmf;1543;-;12.368894436;AGGGGAGGGGC;
chr16:91191337-91193823;SP1_MA0079.3.pmf;1659;-;9.87793954565;ATGGGCGGGGA;
chr16:91191337-91193823;SP2_MA0516.1.pmf;324;+;10.7206501372;CCCCCACCCCTGCCT;
chr16:91191337-91193823;SP2_MA0516.1.pmf;1539;-;10.441207771;CAACAGGGGAGGGGC;
chr16:91191337-91193823;SP2_MA0516.1.pmf;1655;-;10.2708963764;GAGCATGGGCGGGGA;
chr16:91191337-91193823;SREBF2_MA0596.1.pmf;1037;+;9.08888492317;ATGGGGTGAA;
chr16:91191337-91193823;STAT1+STAT2_MA0517.1.pmf;1961;-;6.30097829122;AAAAAAAAAAACCCA;
chr16:91191337-91193823;STAT1+STAT2_MA0517.1.pmf;2275;-;6.56944493955;TAAAACAGAAACAGA;
chr16:91191337-91193823;Sox11_MA0869.1.pmf;582;-;3.37557390447;CACGCTGAAATTGAT;
chr16:91191337-91193823;Sox17_MA0078.1.pmf;700;+;8.2839021772;ACCATTGTC;
chr16:91191337-91193823;Sox17_MA0078.1.pmf;1295;-;8.4649885258;GACAATGAA;
chr16:91191337-91193823;Sox6_MA0515.1.pmf;1293;-;9.18964969436;GGGACAATGA;
chr16:91191337-91193823;Spz1_MA0111.1.pmf;2135;+;8.99466247782;AGGGGTGCAGC;
chr16:91191337-91193823;THAP1_MA0597.1.pmf;2246;-;8.28112058374;TGAGGGCAG;
chr16:91191337-91193823;Tcf12_MA0521.1.pmf;64;-;9.85643367686;TGGCAGCTGCT;
chr16:91191337-91193823;Tcf12_MA0521.1.pmf;65;+;9.81605905763;GGCAGCTGCTT;
chr16:91191337-91193823;Tcf12_MA0521.1.pmf;175;-;10.6124918802;CACCAGCTGCC;
chr16:91191337-91193823;Tcf12_MA0521.1.pmf;741;-;10.2347029462;CAGCAGCTGTG;
chr16:91191337-91193823;Tcf12_MA0521.1.pmf;742;+;9.39022883397;AGCAGCTGTGG;
chr16:91191337-91193823;Tcf21_MA0832.1.pmf;740;-;6.72556731458;CCAGCAGCTGTGGG;
chr16:91191337-91193823;YY1_MA0095.2.pmf;789;+;8.37505791959;CAACATGGCCTT;
chr16:91191337-91193823;YY1_MA0095.2.pmf;1281;+;9.15239720394;AAACATGGCCCC;
chr16:91191337-91193823;ZNF143_MA0088.2.pmf;2319;-;5.48480568432;CAATAAATTATGGGTG;
chr16:91191337-91193823;ZNF263_MA0528.1.pmf;314;-;10.117872785;TCTCTATCTCCCCCCACCCCT;
chr16:91191337-91193823;ZNF263_MA0528.1.pmf;319;-;11.9696470449;ATCTCCCCCCACCCCTGCCTC;
chr16:91191337-91193823;ZNF263_MA0528.1.pmf;320;-;11.650530927;TCTCCCCCCACCCCTGCCTCT;
chr16:91191337-91193823;ZNF263_MA0528.1.pmf;348;-;11.8399642636;CCTCCCCAGCTTCCCTCCCCC;
chr16:91191337-91193823;ZNF263_MA0528.1.pmf;834;-;11.416702459;CCTTCCTTTACTCTCTCCCTC;
chr16:91191337-91193823;ZNF263_MA0528.1.pmf;838;-;11.1265055278;CCTTTACTCTCTCCCTCTTCC;
chr16:91191337-91193823;ZNF263_MA0528.1.pmf;1001;+;11.7981111046;GGAGGTGGAGAGAGGGTAGAG;
chr16:91191337-91193823;ZNF263_MA0528.1.pmf;1212;-;12.2961010707;CTCTTCCTTTCTCCCTCCTTT;
chr16:91191337-91193823;ZNF263_MA0528.1.pmf;1654;+;12.1072935296;AGAGCATGGGCGGGGAGAGGG;
chr16:91191337-91193823;ZNF263_MA0528.1.pmf;1916;-;12.1501564243;CTCTCTCTTGCCCTCTCCTCC;
chr16:91191337-91193823;ZNF282_MA1154.1.pmf;1662;-;5.92517779055;GGCGGGGAGAGGGAAAA;
chr16:91191337-91193823;ZNF354C_MA0130.1.pmf;1005;-;7.35445998589;GTGGAG;
chr16:91191337-91193823;ZNF354C_MA0130.1.pmf;1573;-;7.35445998589;GTGGAG;
chr16:91191337-91193823;ZNF384_MA1125.1.pmf;408;-;7.58917190065;CTTTTTTTTTTC;
chr16:91191337-91193823;ZNF384_MA1125.1.pmf;409;-;9.00438216999;TTTTTTTTTTCT;
chr16:91191337-91193823;ZNF384_MA1125.1.pmf;410;-;8.74178384331;TTTTTTTTTCTC;
chr16:91191337-91193823;ZNF384_MA1125.1.pmf;411;-;8.37429880965;TTTTTTTTCTCT;
chr16:91191337-91193823;ZNF384_MA1125.1.pmf;1274;+;7.59368332929;TAACAAAAAACA;
chr16:91191337-91193823;ZNF384_MA1125.1.pmf;1692;+;8.72879020369;GTTGAAAAAAAA;
chr16:91191337-91193823;ZNF384_MA1125.1.pmf;1693;+;8.96599358377;TTGAAAAAAAAA;
chr16:91191337-91193823;ZNF384_MA1125.1.pmf;1694;+;9.09615662382;TGAAAAAAAAAA;
chr16:91191337-91193823;ZNF384_MA1125.1.pmf;1695;+;7.67521994668;GAAAAAAAAAAT;
chr16:91191337-91193823;ZNF384_MA1125.1.pmf;1696;+;6.51813346115;AAAAAAAAAATC;
chr16:91191337-91193823;ZNF384_MA1125.1.pmf;1955;+;8.84874627088;GCTGAAAAAAAA;
chr16:91191337-91193823;ZNF384_MA1125.1.pmf;1956;+;8.61469877185;CTGAAAAAAAAA;
chr16:91191337-91193823;ZNF384_MA1125.1.pmf;1957;+;9.09615662382;TGAAAAAAAAAA;
chr16:91191337-91193823;ZNF384_MA1125.1.pmf;1958;+;9.0625764547;GAAAAAAAAAAA;
chr16:91191337-91193823;ZNF384_MA1125.1.pmf;1959;+;9.19035184994;AAAAAAAAAAAA;
chr16:91191337-91193823;ZNF384_MA1125.1.pmf;1960;+;9.19035184994;AAAAAAAAAAAA;
chr16:91191337-91193823;ZNF384_MA1125.1.pmf;1961;+;8.0243137355;AAAAAAAAAAAC;
chr16:91191337-91193823;ZNF384_MA1125.1.pmf;1962;+;6.48290997964;AAAAAAAAAACC;
chr16:91191337-91193823;ZNF410_MA0752.1.pmf;2034;-;3.52918729795;GGGTATTATGGCCAGGG;
chr16:91191337-91193823;ZNF740_MA0753.1.pmf;321;+;10.3612742308;CTCCCCCCAC;
chr16:91191337-91193823;ZSCAN4_MA1155.1.pmf;578;+;6.82178812917;CACGCACGCTGAAAT;
chr16:91191337-91193823;ZSCAN4_MA1155.1.pmf;1948;+;5.80958674062;AGCAGATGCTGAAAA;
chr16:91191337-91193823;ZSCAN4_MA1155.1.pmf;2462;+;6.33559141121;CACACACACTGGGAT;
chr16:91191337-91193823;Znf423_MA0116.1.pmf;1171;-;8.42909889891;GAACACCTAGGTGGC;
chr16:91191337-91193823;mix-a_MA0621.1.pmf;1268;-;7.51252260393;GATAATTAACA;
